xgoTHX8,류노악,kgDQpnUSCc@n1,01196148550,0,vvrax2@lvmjjm.co.kr,1976-12-22,0
etQHEZ29,정걸찬,ibbdhDbK!Luw28,01390914562,0,06ksax@pysqyt.net,1995-11-17,0
lSlKfk10,허애악,lYa&PlRGBhHS96,01160561871,0,9u0z87@vrkchr.ac.kr,1985-06-07,0
ihpVvu68,심치나,O@DsPIxtl$Ph65,01312465506,0,y43265@ihhber.com,1994-09-27,0
zRkkmv96,탁수서,joX!qOWX$&JB36,01329973030,0,qtnwzk@aewiwr.co.kr,1984-10-21,0
GRQuar46,모롱용,bxZDd^XsVZmr20,01282404672,0,s0ubb5@itotro.ac.kr,1989-06-25,0
OAzVli94,진술분,FPwWEmGVSfCE90,01328242434,0,fuwzsr@jczelu.kr,1990-11-08,0
CfYEkE27,마린술,xBjgpC&IMtGP40,01224809391,0,89jku1@ezkqrs.co.kr,1997-04-04,0
QjhTOn67,송명유,*qielekLRRIu19,01269506615,0,qqj3g3@ooffca.ac.kr,1991-07-30,0
HZDydR33,도채가,HN$WWYInAwsa12,01015842634,0,h3fb4o@hauczh.co.kr,1972-07-26,0
LJPtVi17,임흔송,DTMwBLRuEhyA92,01084906197,0,me093o@xwozcu.ac.kr,1972-09-21,0
iFNnKM11,편부순,s$y*@toUohT^96,01211405794,0,2i3oez@yiumse.net,1991-04-28,0
CleFAf25,김걸타,Givx%MXBLJ#o64,01226445000,0,u86qbq@girlur.ac.kr,1994-08-25,0
uhweCQ18,심호술,Ke!dhfZu^#Gp35,01315362787,0,no7x6q@frddkm.co.kr,1983-01-08,0
hliocw63,마규마,bu#DhorokgH^76,01098061086,0,j2n6kl@wvomqi.net,1984-11-20,0
FCwGvG39,전열흥,IEQDz#&vjpoj25,01119682717,0,avkuos@zhnsyj.net,1995-12-21,0
QqNIWe85,심철달,pyrDGqYp^M&t79,01339611851,0,qcu7ba@hovxgl.com,1965-2-30,0
uysFlp51,안술서,jdrISjraFxgS71,01173842922,0,5uxxip@njctxx.co.kr,1998-04-23,0
vqcyiP16,고부탐,V!dK#$&nrDWE62,01370905190,0,m57qvd@gvkvnw.co.kr,1969-06-10,0
MYOvHE38,길겸순,A%T!DXHhnqaI28,01395676845,0,hzroki@ygonmm.kr,1978-10-09,0
pQPZIw84,한택혁,bRsOxkSiEgCG24,01198637552,0,6rjtb6@lxdzij.com,1985-05-19,0
WQVRkw36,현월용,bIcJ^YZO*fvS95,01388487419,0,kndixf@upokam.com,2012-02-21,0
UPUYNM23,강이공,VNJR%AFqJfgr82,01288577799,0,hvio64@eveorp.ac.kr,1984-09-03,0
rTZtKN36,석섬판,lCYogek!#J#t20,01077787642,0,5sw92d@vjhhlb.kr,1995-09-29,0
DFoZYD8,허실다,BFrBJ!!XclX*74,01011132873,0,asi6zh@dxzkrz.kr,1994-04-03,0
mdIiAP56,문곤태,pYYzoY&CHRQ^37,01239746530,0,homyom@xbllgx.kr,1982-03-14,0
RzvlpV32,육제학,xATKUEEFkmil35,01154195540,0,tfu1rz@pyfojb.ac.kr,1986-01-28,0
lBwImZ20,편정오,iloJXHoFPZff21,01197193054,0,xrxmdv@veggqj.net,1985-03-04,0
vmZSTw37,구황형,pAFxuaZYZO#a3,01288119321,0,7mh50x@jvzvnc.ac.kr,1963-06-01,0
FzjZZS97,양요리,uFIRGLcOyEMt59,01259619390,0,s1kn6f@mabakd.ac.kr,1980-04-30,0
fLHLhe46,심을롱,KG^lWGlzhRjR96,01162887520,0,mwsdr1@vmkzww.com,1973-12-29,0
kuEVfH91,구라배,PEAPxAwd^BFr15,01326902238,0,n4acrq@wfpdwu.ac.kr,1972-08-12,0
Wqugdu9,류롱울,DnRWuDRyxFF^28,01235949590,0,9bpgtc@acssjx.net,1979-01-25,0
wCMUhT35,진소면,AWoMvUqspBtw54,01226327432,0,3mu8ew@kqmyil.net,1980-10-12,0
dBhDHZ49,배온삼,CsBQWgksuJeB43,01335387422,0,9bgp99@mmcuqe.com,2001-06-01,0
iWTGBT75,류박월,DoSJjwKaKUEk10,01070667880,0,jygqih@avtlwy.co.kr,1982-2-29,0
hRfRNA31,여한설,*xVIAaO!gpPo2,01074607805,0,e7nm34@sijcyt.kr,1980-11-22,0
iQparo24,마시위,rU*IzZJpxlBb68,01139872949,0,k338kx@nqzszh.net,1982-08-16,0
hNhgBr43,백치자,GwYSxuSJSCKO75,01221705435,0,9zhhcf@pvycsk.net,1981-03-23,0
kIcmev29,전인슬,fPhEjsOA#QCa63,01123207260,0,z7ktlx@gmvrfw.kr,1988-11-15,0
eKsXyj82,육묵요,RFM*X&buT#LP1,01359243112,0,50dy4f@hdicct.kr,1977-09-27,0
ANyEWc30,여대술,#@#YzssM!tno50,01234001095,0,wf5s7v@kbrcza.co.kr,1990-01-09,0
jbrUcd75,구솔슬,rzo@WLOEFGN&78,01176725014,0,aa2sik@rayzua.net,1991-07-05,0
svaGjg47,최도술,zSZnxuQ&kfNX36,01319321719,0,m4q5mo@lvstpx.kr,1985-05-27,0
reYdyB55,양면희,@m!@bTT*dNUw41,01222888613,0,rnge8x@xtjnkp.ac.kr,1966-03-09,0
qFdqRn91,장변곤,pVZfrwA!LwNu70,01063227096,0,ubdc08@llcfzo.ac.kr,1984-06-30,0
dPRnlg26,변종랑,fPWGfCj#kuBz98,01356851621,0,bf8v1m@yadhcd.ac.kr,1975-02-14,0
tfXlep21,도정더,F&RuuaETSrXl52,01341737840,0,tr1vm2@ccxlvd.kr,1971-10-28,0
VXkICo11,모다개,qRsbVv@bTNRC37,01145026807,0,xz0k69@myrigq.kr,1961-03-01,0
PjKhos11,전예남,rUVQdP@ghkHq73,01184439911,0,e46ylo@gfcogv.kr,1988-04-14,0
sevwWq59,육뜸박,*Ype@GQ^jJkk86,01236255326,0,j7ta0j@hwqtfn.net,2009-09-01,0
vkWhwE87,한배휴,zTiqEKGHHDSg46,01218156613,0,j5i94a@ukurbx.net,1983-06-08,0
gYkJvb97,김담나,&iTdwg$inrC#10,01144855920,0,vqxgty@mjguvz.com,1996-12-29,0
urLzCU86,양빛초,$Jlc$zTyYWSY6,01366203716,0,32cuh8@dgenfd.co.kr,1976-05-04,0
IrjqmG26,강늬람,U!dRhEliXnkv48,01391979168,0,haq9mt@ntlmpj.net,1975-02-25,0
ZyHAtF51,표이일,QsdUh%mHqoTZ61,01146484992,0,8v8beg@dqrjug.net,1969-09-29,0
AnoGiy45,설진들,RSpjywvIaMI!14,01235059594,0,7c8rwn@uudwic.co.kr,1988-10-08,0
qaaBvh77,최리성,OX@gZjOBZliF64,01046069233,0,ws4x95@zqaclc.kr,1980-03-24,0
JkRKUx67,여유루,!Y!EPZFVPh*k1,01314096668,0,gp3obj@vqvuye.com,1980-02-19,0
couHXM40,홍반배,fdKx$*gAkI%x73,01219418097,0,zbadh7@iybzhl.co.kr,1977-12-30,0
syBBUR80,안뜸근,oDGWotRl%zjA13,01384527147,0,1i24o3@ujlimp.ac.kr,1994-07-24,0
dvWHXQ48,현범추,HLUgehZBx*h&30,01328985853,0,irtyc2@vydrxz.kr,1982-05-08,0
sLgKRn97,구람달,@rKDccdKf$uT10,01052829246,0,9hvbos@xzgkpx.kr,1970-09-13,0
NdYeWs44,원잔승,JjKTl$sa*Tzl67,01196429069,0,82j82m@apmoil.ac.kr,2003-09-16,0
KkKPUF78,허휴별,@L^^DHvV!uxU6,01167635342,0,0r27w2@ldhqep.ac.kr,1993-07-02,0
IuRINk48,홍상설,xPQzK*lGiqA$21,01295643534,0,hukz68@ufmuub.net,1994-11-27,0
SUmHQa6,노미새,wOOM%Covmxq^20,01197942740,0,wfbnlc@wqgwcz.kr,1986-01-18,0
KPzPmk85,변고향,oFjpyFme*!fn86,01244547488,0,kmvi9j@xbnnib.ac.kr,1986-07-10,0
ystLQc65,윤새디,KiGoRr*ZeEmr29,01051272644,0,wdce9d@tikdxn.com,1988-06-17,0
FPWHEL9,마면실,czOwfv*nkjtJ32,01290813473,0,o2ifjp@vhgciq.kr,1989-07-21,0
oRIiDw59,위술별,MtyVl@%ZjLvv43,01358862000,0,6dftiu@nsiszq.ac.kr,1976-11-18,0
UetsaN72,강위중,II^sc^bvHiWL7,01036607992,0,8rm1q1@sshpgp.co.kr,2004-12-20,0
bdoVQR22,심강완,FZeU*@hKKz$!34,01179614006,0,h7r6xk@avmolk.net,1978-10-21,0
Mvedon23,기흔개,*J*kNpOqFq%Z46,01116695739,0,f749x3@zylyif.co.kr,1980-07-28,0
etWiPt89,국권조,w$gE@YGRyPln98,01283603835,0,ebc8hp@hctfdg.ac.kr,1981-09-08,0
mkCDaY80,신병아,dUZSjDP@j@jb26,01214608278,0,gcvosx@rktgkm.ac.kr,1978-08-03,0
JZXApm54,설잎려,iu!ULCkaAZhl91,01125542877,0,spza9p@wjqfin.net,1972-02-19,0
GFLNsH36,주삼섭,%gRPcov%JfGv52,01097018897,0,tv3ese@tdzzzk.com,1982-01-18,0
DDeCsP49,어권들,hTdcHxVyldVR1,01228956814,0,nqx4z8@cpbcav.net,1983-12-03,0
ioRAFk20,모언숭,bavPJI%NvoMe93,01047929802,0,3lkp5g@bxgynq.co.kr,1997-10-02,0
XPyLDA95,추신성,jnfwdG*WTuIq7,01132453642,0,6a15kg@ezeusw.com,1984-10-17,0
KPSPwB23,강판호,GscaNRyjYWtG78,01228832411,0,a7zaix@vsxhxa.co.kr,1989-10-05,0
VThSlr88,함손람,dDrCOibF%oWX73,01197536015,0,y3eee3@zrtxjl.co.kr,1981-10-16,0
rmZlbi60,양건경,Sehf#XbGcErO44,01349096446,0,js73n2@gbpahf.net,1987-01-20,0
Puhzvp97,조학람,fYPy^dtMNShK58,01263071168,0,a9n5uo@rhcdru.kr,1978-01-19,0
sTNGsr15,편언소,%SgwlcPU!yI*20,01047164680,0,vh66vm@xtgcsr.co.kr,1977-09-02,0
qHajnE46,유찬헌,lT*&vPi@crkw65,01024602813,0,iskfcx@ldaxku.com,1979-05-25,0
LnQMGm9,서반월,dtO*bM$Gt*IV32,01394043061,0,se51hg@knvlwz.co.kr,1975-09-20,0
nxwHmi45,신문세,QmiSPit#*TCv72,01220968886,0,gv3x58@cbjyxe.kr,1993-07-16,0
XrTEeA31,신권송,UnSNquYzFeRI10,01240751557,0,6blpus@hnhicw.ac.kr,1994-08-01,0
cllDuU93,성덕관,ZXFgeLJ!tsRK61,01362282811,0,orhao8@mtfmjl.ac.kr,1998-06-13,0
prtbVE75,탁빛만,th*FDntKPK!E14,01272002666,0,m4dp4o@plluto.kr,1978-01-08,0
IERYjR64,정잔다,tUYusWgZqc%p99,01213047554,0,s70wcy@isqylo.kr,1977-02-19,0
mztbzg51,명선엽,TNdWZz!Ro$O!30,01139042525,0,qz3hvw@uhteub.com,1984-08-19,0
OvHWLs37,길호향,HOaY%zF^$pZF46,01392691153,0,olm2nf@nkkjlf.com,1989-05-15,0
gCyDLZ50,은엽석,uOqitdlljWes26,01288471110,0,0wz289@bkeocn.ac.kr,1968-10-29,0
ldcGtl11,조애악,s*TWAjL&!aEZ14,01199651344,0,7lg787@evlzif.kr,1983-05-18,0
SdOnfr15,오리만,CDN#$o*yBdBH99,01195714283,0,fmhlfr@drbneo.co.kr,2002-02-08,0
sOfPjQ60,백위솜,aLfZjNWIs#NW8,01039837805,0,xgsi25@rpwgpx.com,1976-06-07,0
TkjGtA52,천심문,KWxIZNQHouUM77,01263343345,0,3euu1q@geexuh.com,1980-06-06,0
PoAOUu4,염조웅,kdBgdYTyuAFB49,01061138789,0,q14lxh@bmmpki.com,1992-03-16,0
UczNOw40,신병노,sgApncS$*HmN87,01258482133,0,ns5wtr@fnhifq.ac.kr,1988-01-12,0
SXzehm67,추디분,TC@pIbHZZZZO4,01387518839,0,h6cfow@uuvneq.com,1986-11-19,0
enRbOO77,배철학,dkzDOLqb!JsJ86,01035518440,0,ph7yki@xbhceo.kr,1998-05-13,0
jjEoCq90,노란운,$vA%hXsQJUyo57,01341104082,0,h60tk1@gdrjcm.co.kr,1995-04-11,0
XCwEkx67,신여열,mnhKpKh%NQl!18,01325325883,0,msdga4@roczjz.co.kr,1990-08-02,0
TBASFR68,엄빈린,Ss%&fy&PXACB55,01384917094,0,e7r24p@mvtmur.com,1977-08-09,0
pjeXFS22,기준훈,^dBsTVRNHNEM69,01263669592,0,7d86am@fnhwqf.net,1984-08-17,0
yUaNSh67,옥라동,ZaNTtDo$&BiV55,01161213978,0,684fj6@jtxcxz.co.kr,1999-07-28,0
rYtOAp18,엄달백,DKtzzENdKXLB95,01323552357,0,6w8h6k@xfykkz.net,1982-01-02,0
RHGtIN23,정모광,xKhG*@wYMVIg19,01250378283,0,dogpb0@ffhsul.co.kr,1980-05-23,0
nsdntV32,백판비,ZOe^EdxA$q@S24,01356597975,0,wslw28@vlsdyf.kr,1989-11-17,0
GBXvil44,손빛들,b$ODQuNeFKQv80,01254146618,0,4ms83g@dottsm.kr,1978-06-18,0
YndSJG10,서늘혜,##LYVePW^fdu87,01056608917,0,ix0xgn@jcxacv.kr,1989-05-21,0
LmQWJr35,표권규,RBDqjR@^&fNA10,01125312754,0,v6dtws@mbnipq.ac.kr,1996-08-20,0
ePEMAR50,인월세,FLKeGKw^g!CF28,01365813296,0,nsn333@afmmjt.ac.kr,1978-03-17,0
GSpGLK49,곽오늬,^GbaLFysxsoq37,01388233710,0,rj535x@jxtlwy.net,1975-02-22,0
sdXHCd84,차령래,ptbWXi#TGI*o32,01175244646,0,9tyh2l@qtryxs.com,1981-09-02,0
Oflupc20,변애율,hbniavzuGJYu50,01213332466,0,lw4hnn@rglgcj.kr,1968-05-01,0
Lpfwxc8,추면산,ziCKr*JwgEAw54,01364807142,0,udy780@grtwuj.com,1977-07-25,0
isXiXS59,양조람,^&sStJPOoBzJ80,01349106383,0,4mqwp5@cjbfqh.com,1980-06-04,0
wMJOua29,정반희,v@PKqhO^i#bA67,01392521233,0,agxao8@kskwis.co.kr,1986-01-03,0
tVLDjD10,표덕복,GzXhKioONuT!94,01050752244,0,1xiogt@asmvol.com,1984-08-18,0
qeFpxa45,신을현,Zyl%SvuYSSoQ3,01224731507,0,nuyik2@ruqmui.com,2004-04-29,0
ptJuhd2,공범여,nvVZJTHtfFsj98,01038453495,0,vase5b@mkovpd.com,1990-03-13,0
DuEczN90,국랑초,ArNeUM@Kde*v13,01078261508,0,i0gqm1@llylea.kr,1971-02-19,0
sUBxZi93,양원지,cTOkaKFZlUuu51,01260396622,0,hyrm8q@ydxkvb.co.kr,1982-02-10,0
RFRJMC58,임아항,MooKdcS%!dEP52,01126629650,0,xc390i@yhlgwd.com,1988-03-06,0
CezAai21,은하은,DiK@D!#&GcED19,01365872235,0,srbllk@lxdzbl.ac.kr,2004-11-24,0
OVvbpz3,박관숙,fTI*lyb!xtTS30,01074937391,0,74abi1@imtqqj.ac.kr,1966-11-21,0
vMBzAC4,민섭모,#ZREKkPlxxnK68,01082358240,0,c8skv4@jbbxva.com,1984-01-20,0
XNGTUI91,고악흠,u$dPm&sdFDI!37,01337163087,0,hc8qy6@cykgfb.co.kr,2001-03-14,0
RnaqrK69,표혁희,Irll&BwbAriL73,01146594000,0,1s9zf2@tpvfji.ac.kr,1970-05-12,0
mnATib16,손빈민,CzCyRxCeOExT86,01135678005,0,8ce9ak@eqangx.co.kr,1995-01-16,0
GFuPku35,구서숭,hAKIrC^fFuFX27,01347362551,0,sh7h7k@setvrd.co.kr,1986-11-22,0
vBPrwe61,심랑윤,CzHYqQlLRdIh79,01084378289,0,jtb325@moqmpr.com,2005-03-20,0
twURpq33,성안바,fbZJPFmLAyfi54,01178362757,0,fkhuxg@znosac.co.kr,1995-11-22,0
rgiuZG43,박유섬,a%dzkxwf#LYj66,01028014891,0,zjj99l@wksfoz.ac.kr,1988-01-13,0
PFsjxp37,송곤상,ROWy&%mveCvA46,01144944251,0,4ahcpe@dtugba.kr,1982-08-12,0
DYcBrO88,왕중효,JJvigNzsLoBY1,01222179387,0,ral77n@xtpvvp.com,1986-06-12,0
WVrbbS65,안소탐,RX@Bpfl@scKr22,01231602673,0,7n5jed@ndfhte.co.kr,1992-07-24,0
fkQBYi24,반효설,TVUJsjciaqfD89,01351774080,0,z1k2zk@corbnb.net,1974-07-09,0
DsLnXM49,장다빛,z*WWkYGqfFVh52,01348258841,0,w0if99@bauosg.com,1989-01-21,0
BvBDkh53,문회나,AabBsvug#ZwW36,01124208351,0,lykr5n@bnnuwe.com,1983-06-13,0
sBfzvR96,문동훔,KiCiulimSs&i85,01172418255,0,8ml1df@nrvuau.co.kr,2002-06-01,0
lcsTJy6,반치로,doQCL#Qutf$u13,01294147219,0,1zollx@kqfyid.com,1968-01-30,0
fDpEjx52,진효병,XTVopxaiyRI$2,01210998818,0,puihuf@qcvbdu.net,1975-09-21,0
zdxxMG76,강위새,jhHJaYSpWXsQ84,01168001364,0,uc9h9w@xxddsy.ac.kr,1978-11-16,0
lQSjmW56,정춘으,IhAhKDaRqBoC40,01184499930,0,3n7z4g@vldter.com,1986-02-14,0
OoempE21,조빛타,H&*XhBlNrtvs83,01370434962,0,2n829k@snljcd.net,1997-04-13,0
PqPfZQ15,전제라,UAtYvHBwYkOd96,01320012820,0,nwz6zx@odllua.kr,1997-04-25,0
ShyDsL16,국휘반,T*i$lPC*VreQ27,01020333706,0,i6sjrh@svwpdg.ac.kr,1992-11-05,0
eSMzSH54,우신린,T!hXUprxAoJT16,01127127005,0,5bc80y@iaksil.net,2002-06-28,0
xKQALN61,용요지,#m*SwbNavTwh86,01025798358,0,88sts8@wwhpeq.kr,1996-11-20,0
JrfuRy82,기소탁,tLXDZPIdkhG*91,01182652306,0,kgewe9@wfztdl.net,1980-04-29,0
lYMhnn52,정혜효,p&boorGPk#WY17,01399957866,0,xm3rof@tguyha.ac.kr,1992-09-08,0
KMdRvf86,권위길,@y^Ib&h*Q@hx47,01226882089,0,0h9u0d@ktlqup.co.kr,2008-07-13,0
lFKIKG24,신시려,kcMNZxNUYffp23,01354294626,0,cxpcxa@eelzbu.com,1993-09-08,0
WEGwiF99,주추려,h!i*lWXgvsjb70,01251513954,0,922cy4@zhygbv.ac.kr,1982-01-17,0
TInGlA81,용영만,rK%#zVjz$apE16,01070207363,0,f2z7mz@abybqx.net,1974-05-14,0
EWJsZn83,배한봉,sFWy$p@*YHFb76,01189522646,0,ofg6na@lwjspb.com,1990-07-30,0
sGxsAO70,왕중범,wzgUwwIDChyg38,01192902871,0,ikjmki@fqztjp.ac.kr,1981-11-03,0
wGxzKp8,전초창,qDpyZJZw#%YC63,01266508205,0,7w5crv@kcfgpr.com,1991-04-05,0
mvpRXl44,제범예,Z!RKJytyrhmy59,01389219291,0,0l1f6x@qslakz.net,2001-12-13,0
Kelymg8,용이울,XTo$eXmxiaCV32,01165619478,0,flnqko@chtrlt.net,1976-08-07,0
YbvtQl13,은서익,Swjlyg*AnpPs3,01074558839,0,cmx3yi@umygfy.co.kr,1981-10-17,0
dhaYlS60,원광반,XjGQ!KKyWkMj32,01275835236,0,h1yjzs@tyhwtg.kr,1967-04-20,0
yTvViV32,여항세,NR$&hW$iIQN$54,01056103662,0,2gafb1@xeqnsq.com,1971-12-07,0
cKDxqV35,석제후,OiIOU*AZhMcE88,01348595849,0,xk6szd@wbedor.kr,1999-08-26,0
uRVTvO88,임학정,CiBgu$tbMUyp69,01297088026,0,hzfte8@dqcble.net,1987-11-02,0
ltDoca69,우범단,tQtJDSUbJ&yb76,01238822133,0,3i4hex@mlfoex.kr,1978-09-15,0
nkKCkR1,기누운,LqRTktNvCilL21,01325664174,0,xsj9jy@biijrf.com,1994-07-22,0
lYuGWJ6,조철묵,k#gHPFwhrUjX69,01045783840,0,fv7klr@nduccj.kr,1991-07-30,0
CkwtpD28,서범더,pEHKnWOZ%tmt14,01140089568,0,9jjxy3@qddabr.ac.kr,1986-11-21,0
FuURrA38,강혁종,sszdlThYFaid18,01262297255,0,y3cxcu@irpsjw.net,1977-06-07,0
rVXlHy22,원별도,MPr^l#r@qTnS18,01010239352,0,42giv1@nryler.kr,1976-08-07,0
CGEeaI51,고늬솔,S#lEuhHZZhvl11,01280169063,0,ni5gff@tnfmrx.kr,1987-10-22,0
wakpTS48,원신실,rXyEswMX%OrS14,01225187218,0,xnwls7@aokfyq.net,1999-10-16,0
kVbNuC78,신섭진,EczZUiHhaGq&9,01252653061,0,fnn4uw@vsisub.co.kr,1978-06-08,0
knmQam43,편충변,GYnyngqRcMD$13,01072207959,0,s0s1u7@bnsavj.com,2002-10-24,0
HojGwl2,명겸잎,njTwOFdRWIP$35,01163935065,0,ggnygo@qavion.net,1983-06-12,0
wGuFnU59,최복이,OlIJKUlUaQeA20,01098035809,0,bum1qk@hjgqho.net,1991-02-12,0
IaURRQ25,왕순충,*WM*IC&@i*CI14,01369031808,0,eeh8v1@ylmkut.ac.kr,1986-09-12,0
igbEep3,위만윤,P%CemLjZpM^f66,01264804736,0,0z4me3@yexocm.net,1984-08-21,0
uuvkSv26,현관디,MDNbDGcuUDhz68,01062027901,0,hhb8x4@jsqprv.com,1977-02-27,0
pEgBYs52,연단소,k!zlkfLesNIV99,01018878967,0,8tfw8a@hpaspd.com,1978-03-11,0
hReqCe27,편병치,WThsSioZD#lh81,01198439055,0,gc1283@wbgawu.com,1970-10-20,0
YfqcIr21,채안실,R@$gNZXGRk%h92,01024049947,0,r5vbo4@vdwrym.ac.kr,1986-02-03,0
bzQgJs59,위가늬,cl^xwUacrO$Q1,01078887679,0,6c7pxs@rrxghb.com,1974-03-22,0
oWILAP1,남은린,!iy%Q^bEqTdW44,01017243588,0,1d3owo@tzxcyn.com,1961-01-09,0
MWjShj56,윤변형,gg!VGD^#WI!r14,01253428001,0,mfob9g@zbbprs.kr,1985-10-22,0
cAYgUR46,연탐순,zzHh^XufSlO$41,01186864443,0,rft42b@ybpmdo.ac.kr,1977-06-18,0
fpBQKP84,도더설,&tlVCdpF@asQ41,01191559134,0,hrv18m@uiqbay.net,1970-10-22,0
TVDVZx84,공기롱,PqPyRcvXOBEj18,01065454563,0,fsfd0q@ebctwo.ac.kr,1977-01-22,0
cBYdJJ72,여심잔,ngwJ%L%foogv40,01146833249,0,yjin10@wrreok.net,1983-05-15,0
ATzYqk56,현백악,IKvLQrFYjLHU31,01215112381,0,8h42bg@hiicyj.com,1962-08-30,0
bxUBwx44,성규울,MGAlQtVTNoiH79,01177936293,0,b2828f@dmputg.co.kr,1999-07-28,0
hFIPlJ74,구혜흠,J*L@&@caa$xh98,01119396218,0,m2r741@ywvesd.ac.kr,1990-09-18,0
cFkGzV76,백우훈,!FsgXeHOUpPw44,01169541670,0,0brp60@pbedfg.co.kr,1983-09-24,0
YIFKlV80,차울단,syaQnih*dFhM66,01085403418,0,8lu3vt@uuyuuv.net,1999-08-24,0
kpunjG61,민초휴,%&ISf*pFlPBA74,01012352039,0,z1ibzb@jpqwea.net,1978-12-28,0
UmReIB76,강솜부,!vILGUasC*Ea98,01236818424,0,dsgl5l@qkqxix.ac.kr,1974-08-15,0
Anqrho71,금란정,UylRugkvupYD75,01320457035,0,48mbil@txngrv.ac.kr,1964-01-12,0
wBKlMM20,류린령,cLveUKJqxJY!2,01249465877,0,7fui5r@uvrukj.ac.kr,1977-08-10,0
wJQEho83,정안숭,yWFNX&lddbdo11,01312118995,0,o1y958@djqchi.co.kr,1982-11-04,0
rPoDYt85,변호광,IuVjyueYqHyY67,01215408783,0,0cj3z2@ymucqx.kr,1991-09-08,0
lZBFOT92,조분면,GIYPaZXYA$cM95,01062428733,0,ced3fi@aczhhp.co.kr,1986-11-25,0
LcPGPj80,길순시,nysGFB#JQbMO68,01114197054,0,l557bf@ugdtxy.kr,1986-03-01,0
CSiJfP33,노의봉,*NvBKSVeMIf^79,01267869104,0,v5h8v5@ukfjwa.com,2000-05-07,0
gTsvpR6,염준손,AsROLGRQebnJ51,01184372223,0,qnesfy@asyofb.co.kr,1982-09-03,0
Uackdg14,차흥솜,%tkJoruTwYDv5,01383482167,0,hsf8uf@njyxsy.ac.kr,1987-04-23,0
Ougspi55,신래창,#g$Kfs%SgJ&L26,01261851264,0,5adqln@fpanof.com,2001-10-16,0
usrGCY81,용혼송,lDpRWPgOv$MV23,01398316769,0,rfcxg7@zjorts.kr,1969-03-23,0
CeOqQu22,문지한,ONrespMfjgp%9,01225893847,0,8by8cz@aahbxd.net,1977-12-06,0
TLAMuM96,신원광,XUQg#osKKlln48,01135927911,0,gx8tvq@gsrxql.net,1981-01-17,0
wfQDxm63,여곤양,iRrg$mgJLWyZ38,01129217144,0,wk04s1@hesfhm.net,1981-07-09,0
WwQnAp25,황묵운,dmUlTnRYvrNS94,01319762261,0,7ygazz@wvddsw.ac.kr,1999-03-02,0
hvoznS7,성길들,APeOzBPzh@Q%91,01330571942,0,f5acmy@ccwkej.ac.kr,1971-02-21,0
oxDhnn21,신늬훔,qiRqmOcvgCGz30,01253496717,0,jvzp3s@xantfn.ac.kr,2000-07-30,0
ZPCCHU82,금형숙,KkUnOUQfmkz$99,01066491837,0,ym6uo0@ufvndw.co.kr,1980-12-20,0
hNXHFS35,기견자,%zMR$szL$LT%13,01140584045,0,08qd62@xzdiui.com,1985-12-24,0
iYJipw25,한예얀,N$cCQdKawGCw95,01245093321,0,ugn42s@hcgoab.net,1998-08-27,0
BHRjwk46,조충윤,V@IPgYxxvr*l36,01116128219,0,6wok2h@cahodi.net,1976-03-26,0
rhvxTg40,제완예,ikbAYtXWybDo75,01139932151,0,k4wnj5@zsaarm.co.kr,1977-04-30,0
duLeon32,구우얀,cVfvvXrdNvzT87,01220814572,0,xzz15d@cxhdcy.com,1981-03-06,0
UZfFxg34,천후봉,AroQ#dvgnQuI78,01071664530,0,vy15dy@wejpax.com,1986-01-23,0
mCvIIB2,홍솜사,LbEndGrAuH*y38,01358034165,0,8nnqx3@awfefk.ac.kr,1969-02-27,0
nBOFQK48,주담운,juvAW^Nvt%yZ5,01087408106,0,9853j4@qinjkv.com,2005-11-27,0
lFUXPP89,정학을,T%$o&DQnEHPv77,01063855833,0,d8mb1i@lxwdhm.com,1992-11-29,0
LeQkNB5,변균슬,MEJkqEvtsXH^17,01190116345,0,wy0j19@enisip.com,1994-04-19,0
nvSQsI11,허가손,RZbVnEQkIjve10,01232926034,0,tg2pu3@pchrhh.kr,1988-11-01,0
lQrVLV77,변봉추,rNwIifGovNJo41,01184987545,0,txj6qq@jndpvu.co.kr,2004-06-15,0
PGqnRS17,송중옥,nU*!AaJwnILu79,01117792682,0,7a6ttf@xdsael.net,1987-02-14,0
ryIfWz54,함빈바,bozW%edDb%zy11,01277483702,0,rpi4ts@jcyszz.com,1980-09-21,0
vpRnSd2,국훔중,gWSRr*@mqL&p26,01348819258,0,zeten0@jsjgxz.co.kr,2003-10-14,0
LzetLC87,박번환,&NFzgaJsXvoX14,01061937219,0,1f8eww@yflasi.ac.kr,1972-06-20,0
tjvzSu17,반휘란,whgzyMVgDayE1,01077778876,0,87evt3@jslzqq.net,1980-11-24,0
IRPaUV90,지분홍,IBzFOs#tfZec70,01374992303,0,r4iv1p@puuqlg.net,2002-11-02,0
dFUhfP76,신현동,XvcQFTKmBI@T53,01160715251,0,j8r2gv@tmkbnk.ac.kr,1982-03-03,0
Cejdaz82,왕을솜,zfyUqrJKLwRZ61,01287712310,0,548fmn@gdbpnb.co.kr,1991-04-16,0
cPKBta44,양공흠,XIECKJklZrXV31,01121846084,0,4xfeff@yleixu.net,1970-06-05,0
zKYDBU50,장서강,QeX%fpLTb$ZA3,01239001070,0,dycws3@oxhwrh.net,1973-08-18,0
fIybhz9,강건태,QXGFK&Qk*@Lj79,01340333062,0,mpowww@rgspxi.co.kr,2001-11-01,0
oBPbdL62,이달별,Q^%VFUpVNSnI82,01151503371,0,onpcnp@nezulh.ac.kr,1981-04-13,0
RKQpMA87,현정악,ACq@wyTJQpTr70,01170544938,0,l1vins@lrvidx.net,2001-07-20,0
nrVlvO3,한롱현,q#opTLm@ibS#88,01062364689,0,hdlijo@cksadz.com,1970-12-30,0
USrVBc51,천태욱,VaTGCzfuig!N90,01226232526,0,7b70xi@pqhvkt.com,1977-01-28,0
vBBYZw24,전위림,cD@awM@RyXi&59,01010967736,0,bvuguf@mmqqas.net,1976-12-27,0
LDemsp92,임령담,HyI%BsMhBC^s18,01050775461,0,bntrbg@npqtyn.kr,1991-02-18,0
PhUwCP46,허남번,psRrjZeLY!jk79,01019941065,0,86r25v@igsfhe.net,1987-12-25,0
JzYINk80,양미정,XULoFb%qJtuL39,01066945719,0,6wmx1a@kmlawb.com,1982-04-23,0
RqUtLE54,백호비,hGRCzAprWo&V71,01010472107,0,6hoqo7@bsvvat.co.kr,2001-11-25,0
TRgTSL75,편순진,RyIGBY*x%C*%75,01022876351,0,1wwr1v@gywltd.net,1995-10-09,0
qlZBUp58,공종마,U^wfryRnLvqX45,01390068463,0,hgdxnb@yphrym.com,1981-11-24,0
zQYGCg83,정달덕,KC%UwOrH@i!@35,01197632110,0,t6w61k@zunjgh.ac.kr,1997-06-07,0
hHgGIE59,장초철,$%MmCcKGKkKU37,01147605794,0,xl8pu9@bceikf.net,1984-07-22,0
yLQQvA66,남묵더,#IfWhgE#$QQJ80,01297055316,0,wn915k@uupwfi.com,1976-12-16,0
dVPEtq82,신헌봉,RZxXHPZDZyqN83,01180705766,0,fa0ip9@lhganm.com,1979-04-21,0
hDbCVd60,우식무,S^^igSpYhzaq49,01228774896,0,u7dw99@qmmcry.com,2003-04-22,0
EUGRTC44,고부운,$vH*u#z%!OUg62,01080929009,0,0z7efx@lhfnrj.net,1999-02-27,0
ZtjBXz65,김탁만,wAeBn&bN!V&T44,01322997754,0,nsos0n@svavoo.co.kr,1977-08-30,0
qWQfew51,구휴헌,qltsQ^ahVR@%42,01231695750,0,nnz6ov@btuvhc.kr,1977-10-23,0
nLGtGL8,우겸람,nMVcAOlFvLtW23,01253089494,0,athzx6@xbymof.net,1989-04-20,0
sfDDfl18,반장면,h%TrsTPXL%uY35,01274686607,0,y3e679@khngpd.co.kr,1984-09-04,0
MnWjfG28,공산흔,^XTCFIzJHLfP67,01392109190,0,0f4qe2@jpygbe.ac.kr,1983-10-11,0
PQylyb72,탁솜훔,ziJICF^Qof^U4,01282045550,0,sniciu@yrxkhv.net,1997-08-08,0
JYoQnx59,방면회,nLSyTaiNZ!P#53,01131093551,0,bvvd7i@lbesey.com,1993-02-09,0
WqxpwN45,채길종,SN&ZdiBBhqqk12,01296498873,0,99pp9n@ygbekh.com,1982-08-17,0
YVHILp41,안은복,XP%wm$XDVEuF98,01068933124,0,ri9qja@casvyf.ac.kr,1984-09-20,0
qEfjkG69,차래훔,Vc^jyiQzuLrQ44,01092333259,0,lujljh@pwrtyl.com,1987-02-14,0
hICoJa65,전림빈,znlfJqM$%yD&13,01058415678,0,jdprff@ltfnsm.net,1988-06-24,0
OQBBfs47,허로의,UysuZTCSDU!L55,01139592988,0,o71h5n@dkjfdt.com,1985-01-09,0
hiYUCO81,함아새,MvqpFsHqyOgR81,01171967562,0,d5qydm@uysxjw.com,1989-10-21,0
SNDAtz49,추소섭,M^uXolPO^*^S89,01214135451,0,32zza1@tssnpy.net,1997-09-20,0
vmEUOR32,차솜탐,WK!pkAukcfyd6,01388052076,0,q0cug1@otsypp.kr,1991-02-15,0
gGWwqZ14,지관선,luKMPCdmqZgQ6,01220937915,0,mh1th0@xwyenp.com,1985-04-09,0
fecjZa72,전구석,TkVKm&NqhIlu71,01072299424,0,v3xqn6@gqwtgm.kr,1965-09-25,0
EJhKGR4,문여회,UIWDspjZZlfc95,01228244863,0,np6vez@hvpkve.com,1988-07-12,0
EoXNKO75,한추미,J#$bMHGB!^vn76,01345238260,0,9cb1gg@zqpiaj.co.kr,1988-07-18,0
eufvEP54,명람신,xTNLLVnYKoo^80,01096468338,0,yz3mhc@zhhltm.co.kr,1970-10-10,0
eALIoN48,선추고,rMABGk&myRTm61,01140576144,0,2kiv5a@qxbxpv.net,1968-10-10,0
CajhuK20,진대호,PGOL#lOUIxH%56,01120609090,0,m7rbkl@dxeahh.kr,2002-12-05,0
rygfKT38,길구윤,RxXbUtaeLg!S79,01156185352,0,ev975r@qojesd.com,1980-04-26,0
EaZVOp1,기황단,uoATmWOfNSOa78,01238004841,0,yz633k@nudbjm.co.kr,1972-06-04,0
ceoOBL86,표동리,s$LpkPUiwTAH69,01314234615,0,k9ttrm@bmtbec.com,1962-01-20,0
SAREEP65,변훈전,lzi$et%LnhBL61,01133924973,0,mtw81h@rhxuqe.co.kr,1988-11-30,0
aOaXRb64,최여황,cC%S#S!dhQnk71,01222368524,0,97uo3w@eijddf.com,1977-10-13,0
evaHPm27,여담란,@#*KTH&EaAzl90,01325854002,0,xa403a@xljofd.ac.kr,1981-03-27,0
ngfGQY98,연관순,OmUsJPuWfYbu42,01331902224,0,wojncw@vhoyzi.co.kr,1981-09-14,0
avaTKj68,변걸지,#PGIhDv@jVAh15,01322112516,0,lz9l6p@suetqg.net,1990-11-30,0
ogpiZe66,길연단,ZxIRPpeN^ZfM24,01079439518,0,dsz9fa@hjdlhv.com,1985-01-02,0
rFbUWh42,옥혜의,TLw&ETFZxNFF31,01343263736,0,pjphm1@ufnvql.kr,1987-10-19,0
wBNAda2,장빈경,qMn!CjnpCD@e65,01383086219,0,kmaxvu@rxheop.kr,2001-07-08,0
CEaXAL15,전비늬,Rmf^rXnpcobX27,01183712932,0,zam2cf@dvqlnz.net,1962-09-27,0
PcdrIe60,유바흥,@PEKMblXk^bO82,01215461662,0,ht58f1@jlekfu.net,1994-11-18,0
XgPvzx71,연설옥,*RHQePfzZa!C72,01051736995,0,cb6qef@vemxum.com,1965-10-05,0
oKPceK53,오서혼,j@dARSva@pdy44,01231897074,0,60josa@qopqrv.co.kr,1986-04-28,0
NYbQcn74,모혜항,zKlXrjxyZEqE33,01226923550,0,lp4a4w@tjshof.ac.kr,1996-03-20,0
CHyPlm82,탁준율,cXpZ@K#!$KI@85,01019183162,0,7kt3k3@mlxbsj.kr,1984-03-11,0
BzKAeV18,안자타,*%a%azdvnoPs6,01192208262,0,xcfmer@inymdd.kr,1988-01-01,0
OdrcvK42,구손라,tlcFNWccBRbo48,01012118473,0,hbjndo@lspghf.ac.kr,1990-02-23,0
GjJGMD27,권곤장,PE$CVomZRXUK48,01167746012,0,mch79l@flldrb.kr,1991-02-19,0
ujiZEl75,마길이,EWIbLjtenR@M96,01224439211,0,i6bghl@wnjeij.ac.kr,1995-04-17,0
jqJxOK85,임흥아,rV%TpkZxaatc66,01310087048,0,dqqfb9@vvxvat.com,1985-01-05,0
agjXvZ23,강이흠,UeUiVluLQHE#69,01112821216,0,xqqcn5@kfhciu.ac.kr,1992-03-09,0
trkECJ28,이희운,!s!gCIL#TGYj35,01311601246,0,hz32he@firmcb.net,1992-08-05,0
nrwABt28,양공평,sbhsnso$!%md86,01135025538,0,wcnjrc@qesczz.kr,1992-09-27,0
fQUBnG75,구래웅,zHj%TiWAD$QG15,01367651190,0,97a6pz@pmazcv.net,1985-10-04,0
OSejEx28,한해려,yJ$fqMEtKbjI60,01336373791,0,hr6euj@qlzysh.kr,1982-01-19,0
kqLPmh80,육옥빈,*ZnW&CHsOG&b26,01377319552,0,y3cyg1@tmpduo.co.kr,1977-04-14,0
VNJsve74,염윤얀,TOvciZ^ARLUc61,01271652236,0,0i3ykh@xacury.ac.kr,1985-11-28,0
ZemPsd77,구삼잎,hWoHNaa*jQiy96,01320136933,0,4ihozb@fzuqfa.ac.kr,1991-11-11,0
yCXwdl69,노만채,eZj&wV%MThxF19,01151256911,0,kyyh7e@djtkvr.ac.kr,1999-07-24,0
UHcjAC54,남무향,J$VDTqiJ^dQV97,01047777618,0,wxdujj@krmrao.ac.kr,1978-08-06,0
bhaavi36,지혜범,JLebbAwnqOx&16,01265502729,0,5mdjl7@kehrev.ac.kr,1991-09-09,0
TLmCBg87,천비타,N%IQlqFTafeB41,01229135054,0,rmyyf2@cewbag.ac.kr,1989-12-30,0
rWusUX58,공정손,XHhTGgCZdYxa66,01074627162,0,5h79a5@wzzyae.kr,1968-08-16,0
sHkQTR63,편월흠,zLmgykJEKpQP33,01160047758,0,pe2bua@nwqaut.com,1982-04-09,0
pMGaTW55,배솜섭,SssZmfiTJ@G&96,01143407475,0,sxltf3@xrrguf.net,1988-11-26,0
EwtQYT55,윤별솜,SfWvMtVX!qOe86,01311923558,0,w1l82h@fiajbn.net,1985-07-15,0
TAvrex97,석조현,LsjaoO@L*UBA13,01124004050,0,umg8q7@pzdvzf.com,1991-03-01,0
AhLiwL70,여하주,wRwxun!G^WE@96,01245112157,0,0dnrti@ijgorf.net,1986-03-20,0
OCRvbx28,윤일상,dYG$Bilmcdsd64,01359068836,0,xj2vli@bkmgek.com,1969-09-02,0
WCLXSa78,장희담,BZdlV$kaB@jE26,01024187575,0,ghqcsd@guwbgp.net,1973-01-15,0
eJcbdu98,한탁광,eqwniMlWKs&u7,01213937535,0,6m30wl@nkpsrg.co.kr,1985-08-18,0
VSPvDO46,성직제,cqoZCgQ^ZVNP44,01264468717,0,j7fw3t@abysfw.co.kr,1965-12-17,0
dhaBLc26,진인미,ovn&jdGiHU&Q14,01148315941,0,iyzb5y@wswxut.ac.kr,2002-04-21,0
fQiMfZ42,탁솜만,Y#!NXJXsPiLv84,01248617792,0,vir20c@gxrhgr.kr,1988-10-16,0
nOSqqk8,윤마복,BggTb%AESnuc54,01058691909,0,wdzq24@mjhlot.kr,1980-02-01,0
iCnfQa35,탁구중,cqGh&a@rwGl%65,01366142667,0,5ygnxl@cykypl.ac.kr,1980-11-06,0
UnAwQg96,유보찬,^Tm!pBbljnGs12,01139037248,0,nzsccl@poqrjt.co.kr,1999-05-19,0
jRcple76,마승탁,QO@Uddmhzkdd77,01148622618,0,0iqoww@wixtsy.co.kr,1978-12-15,0
AjrOnT59,양박채,AEeNaNvrH!Yv99,01259316592,0,tut1pu@dlhtno.kr,1996-02-10,0
DtPpfv59,방형인,FmyAItaDQelI84,01226253789,0,paxugz@mmhlrw.kr,1969-11-19,0
PhFXLX91,모바울,d&RrNT!FwLGl12,01374877292,0,mma9ow@cczlha.net,1992-01-19,0
sBVgLV66,추분소,FmYASurAGSDy78,01127294220,0,csdix2@ookigg.co.kr,1981-10-06,0
zjccbr61,육민백,kep#NNNEp$TM77,01138339624,0,fy3twt@dpxchj.net,1980-11-20,0
AUOGWQ61,배휴윤,bePbhfvyCng*82,01257597910,0,yflopi@bzbkmg.co.kr,1959-09-16,0
qHzsmJ19,방규가,OLoAApr@nC#f97,01331779466,0,9ewkuf@gdzgwe.co.kr,1983-11-04,0
rRFGye33,나실섬,Q#UtoxCM@aOJ22,01253663139,0,wov54s@cjreqk.com,1978-11-14,0
DZoaSl49,김봉솔,Xi!uKfSxbjyO16,01032839055,0,9utn0b@thswpk.net,1976-04-22,0
htDTmY97,맹련탐,GMkgoyzoIjj^45,01378254067,0,o7emja@sxnxpr.kr,1985-01-29,0
DIJFnD90,임황장,R!NMiTQEWrMz85,01272034370,0,qdpbnh@lmjkbh.co.kr,1998-01-27,0
TTtbTm86,마균아,%p&&$UhFXOif10,01349921216,0,krbm95@tfpcyo.net,1990-06-12,0
RjSTyT49,장대선,$ulhgfRyDglE85,01236215995,0,234vev@ulfolr.net,1978-08-06,0
ZuruBK43,도구서,W$ZvUyyfkMyx90,01042014348,0,iu2iyc@dvtcjj.net,1975-06-11,0
jEQksN20,신배온,MI^n@ZxsKvho51,01163266200,0,ykuema@wpwwyj.kr,1979-05-12,0
odoqeU1,백용심,xN$@WKhyEqtf7,01159391762,0,l8hgj7@pcemxc.com,1988-11-12,0
rQTdpn46,황주길,*LhwXCgp^#CI36,01298962322,0,pi3vmk@ypezum.kr,1987-09-16,0
CFFSEt71,임누남,TeFt@AfZGS*g25,01063517098,0,6q0myk@qtpkmd.net,1993-10-08,0
DHYoJS5,명봉롱,ZWtPNmtcbG!^81,01287888440,0,8nvfmy@pjjayi.com,1976-11-25,0
MAbdOa51,현훈려,QVLEU$c^AVpA2,01087035114,0,n4flze@izrmmc.com,2003-09-21,0
dgBBxH3,정잎엄,oPVZwAlD@wLj14,01338304312,0,1aukex@bqjakj.kr,1975-02-01,0
OSlVJW32,채달욱,I&DnzQv^MXmu9,01174355762,0,d5tp1k@lkvuin.ac.kr,1995-01-11,0
DQAwSx8,탁훔솔,tGNTIdfLJcTZ30,01098044664,0,sapjd6@dwvhiy.com,1989-09-09,0
djEMqM78,제반웅,HBebivKXSrZM26,01035545789,0,j62nu0@khgszt.com,1966-02-19,0
iUJGtt63,임은언,EJeIebZM@o*z66,01357857685,0,gysyfb@sqxbpr.kr,1979-10-28,0
LVnrEp76,임혜유,Hq!IVpyo^VNu91,01073557327,0,ldbrpe@hoqwzj.kr,1981-02-27,0
LxgzGN95,옥시여,JFIAhRBOeIHg80,01379357657,0,9t3myl@flzlua.kr,1977-07-22,0
tArJIO30,성원흥,@dYJTYxcvyTR72,01054938806,0,q809ig@kudmzr.kr,1985-04-19,0
EkAPJt29,설광오,lUE&Q^C%VQVd22,01235037293,0,ke1ev9@ljfusl.kr,1986-01-15,0
RXxWRp54,도애익,iyUZspQADqHm99,01074291645,0,1r1ikp@gyyece.ac.kr,1980-12-28,0
tXhGET81,이탁안,@im#$AWA#^dk73,01034947944,0,sommaq@nyqwgi.co.kr,1968-11-17,0
COdAWb76,기수흠,oGtzU%CEObpk44,01077828469,0,rsjfim@owngwp.co.kr,1976-06-18,0
qcCTsu96,원회언,amSXSUJQ%JGh10,01037144537,0,h2ddmv@jyygnq.com,1989-09-15,0
KthPMx9,강판준,jlDUP$R#jscO2,01260129757,0,4j0t0b@etfrzz.co.kr,1990-08-20,0
VBSFfE94,김삼위,coXIXKKk*ByQ28,01162491278,0,qkxoj9@phssqw.kr,1985-09-08,0
nikpPu58,정술디,qkNTtzVu^Kue44,01317056914,0,bf9xg5@wttblo.ac.kr,1986-11-14,0
nbZtuM26,탁권상,lwZUzviWUIJd19,01276553435,0,5dkhr2@xyjimu.co.kr,1974-10-29,0
tdulUe10,강자휴,SwjRAFzpn$zW7,01125358070,0,4mroxf@dfqgnx.net,1984-06-19,0
IAuUUi35,홍부소,@NBMgfmyuqSh45,01244583848,0,wugy3r@xtvomu.ac.kr,1976-05-30,0
rIvNQD25,옥호변,BmBfPKSKIto$58,01230934886,0,6n0x5v@ilkvsk.kr,1977-11-28,0
LLlnwQ75,석미평,lNGuMoeybFre39,01324854143,0,gqkecm@btflhz.com,1983-07-02,0
mLzRpq78,조판형,XQWmCYzbhLD#42,01180264441,0,fx3ioh@yhtsqd.com,1984-09-17,0
OhBave6,유복상,iuA!k$SblHV#83,01254651138,0,i9quep@cluaab.net,1975-06-12,0
XKzHcw68,류래다,#Gsrru%Y%inH11,01138735628,0,n2pzsm@qdbozd.co.kr,1993-09-17,0
ZvrALW23,임문요,#rvCC#hQeIcF15,01296449023,0,l9uvcl@icvftn.ac.kr,1983-06-14,0
liZPhr94,어견석,Dg*lLi%xdKop72,01238951176,0,b13i4z@jimpui.net,1981-03-06,0
xlwXtP72,채로선,XeSkRH^DC&bt89,01320947673,0,j3kh08@vrzubm.co.kr,1973-09-10,0
EaAPnT29,선창혜,olop!Oj*lbh#73,01027526625,0,t4gt4z@alilrx.net,1982-05-04,0
iIeUIi69,국진택,iNNFeVVWdkPQ48,01055138141,0,4mvhci@dxyket.kr,2000-03-18,0
oOPFVZ61,조오강,*GYDHhBiqnnY11,01188995431,0,skj5uq@wbgwqe.kr,1987-08-27,0
CGsSFa98,변섬덕,iUnYPoNwGwKP67,01297459980,0,319fec@nqbxhm.kr,1982-03-04,0
OJvBze18,명슬호,TEz&kkJPUdZ*83,01056755763,0,qmnzil@tgznkf.co.kr,1990-11-23,0
RuZYNf5,노얀래,dEngmnP%AWqC22,01215421767,0,p8os9q@omamxi.kr,1985-03-11,0
IKsVIP30,조춘초,EwvRHGq^@Wch60,01324332169,0,z664lh@ojvyij.net,1989-04-21,0
sGVVpd59,문초래,sVvVzMyYVxEy87,01311123523,0,gam6vy@kgpwhk.net,1975-02-09,0
glxxVp72,현수복,hDqwkKodCtcD33,01022432236,0,9dl76t@whmhre.co.kr,1998-07-30,0
ZvZgLh68,차영신,znB$JAF^&CIa23,01334601211,0,j91nxy@eodsxd.ac.kr,1974-2-30,0
GpLbaE74,정형일,&jzcfJnxhBZD74,01045377645,0,9h1y9g@geejxg.ac.kr,2001-04-07,0
ANtHnP77,황흠장,YFyARq#zpRg%49,01288147966,0,zxchcu@esnydt.kr,1992-07-11,0
UcNLUE55,길종추,twVJbjUj#HVd10,01126593661,0,x5uy1z@llhpcm.kr,2003-05-24,0
PrwYuN33,김복회,vWSWD!!*Sbzb24,01319821196,0,91o0wt@tvzghp.ac.kr,1986-10-02,0
NyyOeh66,구분란,WdWMRMLgijsw26,01214391890,0,73on89@pqajst.com,1978-03-17,0
cJNahP16,문을마,uwKRmvlqnVZL27,01224861542,0,5s4csj@rjiztu.kr,1973-09-28,0
SQHbNI70,남엽초,Oo&dXHWThV#U64,01084966545,0,9k4oxn@jrhmux.ac.kr,1991-10-23,0
fvMZGR31,노분석,&cMdkB@Q&#zR60,01152463392,0,jxw06b@cgxoqm.kr,1984-07-28,0
lmWeyq60,남윤모,TdjqIJjSleDD4,01181818563,0,rg7r38@ztyseb.com,1964-04-10,0
gQCTRq43,구초린,v@vUYKLdMaMr49,01096601208,0,00m03f@cszfox.com,1984-11-07,0
fTopBo17,함래보,aQnNfTT@%$BZ90,01364522124,0,ovsskl@qscvpl.net,1987-03-20,0
vDepWV79,서은애,VYRf$pSyNJVe63,01310652015,0,c3jcne@efnwsr.kr,1982-02-17,0
TqAtpW81,심유산,%Q%In^JehhKD32,01263198224,0,dduw0g@kvtpib.co.kr,1983-05-26,0
RBlEEw36,나평출,n#S&JwM$UPvV44,01363734306,0,hh5ncf@dsdwal.kr,1981-02-05,0
WIrSKT54,반람잎,PTOzrC%*XZTS90,01268017889,0,r3596s@adnvtm.net,1975-11-30,0
jGLUAJ43,권다남,IrlARD&H!#Jp8,01118272912,0,uzvlhc@hqntjm.co.kr,1977-11-01,0
iUsBXH41,남창준,n&UPkPTbXGEn48,01235408579,0,vj035t@xvxjfd.net,1970-04-28,0
kTwCsr62,육로뜸,EKm@K!wwTPEB78,01234104870,0,xmdwk9@hmrehx.com,1987-02-19,0
bfBArT10,주민식,KlKhqvs%ufSf80,01186245568,0,zhvjlp@accznb.net,1976-03-25,0
iDpQap11,신의으,YNmfcyCegDD^46,01081669269,0,2fuxrq@vpjmff.com,1975-04-28,0
eTriZp88,남숙태,BdjhQzx!dnyD70,01362162137,0,vzzjvg@lmeamr.ac.kr,1976-10-16,0
qZpnPa87,최권단,wFRIwgeFpzBN25,01152981199,0,stn87e@hfqtma.co.kr,1992-11-16,0
kqJTyy90,신직다,$UUWCf*NdSLn30,01351326012,0,fwpe80@wilhjp.co.kr,1977-03-20,0
AtKMFF20,민송혼,f%Re^OPjaYNW90,01239122534,0,5h3pvh@yomjed.ac.kr,1960-04-14,0
fJCvyX88,인이분,JsfNq*zLqCpM57,01280591337,0,kx447h@dsrqlv.com,1972-11-11,0
JURVWn94,여평잔,gCIkeSeA^LxN59,01266315707,0,c04nv6@cvvspr.ac.kr,1981-03-11,0
ihBCbT67,임강형,t!Sc^Hia&@KT14,01142288349,0,9u8ak6@hxlewc.kr,1982-09-24,0
zMUUWn28,노하지,FU@dllvxEtgx58,01035987168,0,3do3n3@fucdoe.kr,2001-03-19,0
hveiTW12,국고얀,MgMKWGOJ*Gey72,01262137409,0,rbqeye@jzswfr.kr,1981-02-03,0
MDnSCy16,진대호,!JlGqLY&gRUU72,01365983400,0,plnz9u@qsclnu.kr,1994-03-11,0
CKcnJF8,강을리,$rpOsraaLvFY76,01174161351,0,lhfzz2@msgdee.net,1983-11-09,0
pdLvrU42,류창범,sXruyJKepHwF15,01216136390,0,cqa66b@abbjfz.kr,1993-06-27,0
yNJIUr8,정창린,npForbZmhEc*65,01197544498,0,09kcx0@mnkkhc.net,1980-03-02,0
RBSjMC70,추하율,QEpce@#FwlhV94,01116113099,0,yi5cbc@gdhptx.co.kr,1962-10-02,0
QIWvyU79,연잔흔,beJhBBMk#nWr57,01370098161,0,gccpg5@uhkcsf.co.kr,1995-09-10,0
pSPEpo12,한섬린,I&BtDtsdAXxv60,01357908849,0,8ss7co@segobs.co.kr,1997-08-09,0
YMRvId11,신항천,JzGutz!Pj&Dj91,01217279063,0,b2hg3p@cicjki.net,1984-08-07,0
qVcQeM11,인백후,elZGzT*XEaD&92,01213621196,0,lvno36@dwpkxk.kr,1983-02-09,0
ssmdZM16,남판엄,#*KWltnavLL#62,01073649585,0,zllkz0@ajxdjx.kr,2009-11-18,0
dnhsoU6,심판휴,SjxgW^$fVDKE66,01295486962,0,ztg1vb@tkizdd.co.kr,1981-06-09,0
yAvbdM20,장늬욱,VYAs%&x#hi@G81,01026401497,0,1ofjux@ggqkfc.net,1975-05-08,0
obZIYo21,왕배아,LWl!v%CjWpR^9,01011259163,0,ockg4c@bkbznp.co.kr,1987-01-08,0
BUZjwv48,방건기,OgDgUbI#mGk^24,01020241325,0,nl3xf6@ighxkh.kr,1976-01-24,0
FzMnxg59,변선창,vjdXv@ovdZwN88,01378552326,0,gjmqew@hgcqzi.net,1985-03-11,0
gwbHLS62,권디언,VzZjDesKoVJa47,01165249530,0,wa2wmh@abezea.co.kr,1981-02-26,0
iaagCW1,명숭제,ZVKg@g%RylFc99,01136797415,0,peh1te@ztrire.ac.kr,1980-08-08,0
oeATgM10,천남태,j!Gz$IWOfkO!4,01274431760,0,zqltvr@wiqvde.ac.kr,1989-04-13,0
yqfvTI12,양디미,wT*VeikHgQVi4,01357091167,0,9uk7jw@phelpe.net,1991-07-17,0
uAkZPZ26,현시선,YJH!bFuxhXs%16,01260654165,0,n3m4bc@qxsfag.co.kr,1981-09-10,0
biXXRd99,성빛량,hWqyqHpkMnuA28,01170415443,0,fxetwq@ctzqia.net,1990-06-02,0
rwoBaW98,남서아,S@FkzLplkMOW99,01180113414,0,6usnlq@ijqrlr.com,1981-05-08,0
pdVjmH28,방번들,qk&kUMCPL@oR23,01048014186,0,tzh0o8@wuoxdy.co.kr,1987-07-08,0
hZdfVA67,용복권,!QzW!##DTUuL96,01377789782,0,zghc25@rwytoy.ac.kr,1967-02-19,0
CPncNN11,유옥별,PWebGz%xBfig76,01084294910,0,ckw6xy@etfsye.com,1977-12-02,0
URmDtM64,은섬더,ALPwJVSSKHvI9,01196356382,0,9pcpeo@cpphay.com,1980-06-25,0
ipYfrv16,염지율,t#B!poZzzs$g32,01360109004,0,5a60er@uicdqu.kr,1975-06-06,0
ZxjcGE86,나안아,*qL#bxem*$JV96,01247885423,0,1lg8tg@wqiaor.co.kr,1983-07-16,0
TzVldc87,하상빈,l*u@SKrA$Xro41,01151428621,0,ptn4dv@tzfoww.kr,1972-05-28,0
cKenKD69,권상타,WR%EK#&FPKow26,01255456533,0,tp2qfw@jljgwm.net,1987-11-03,0
UTxLBK22,나혁한,zDROchMlUu&$45,01255772383,0,rrjlbo@vxqurq.kr,1986-10-15,0
sLagBt22,여엽기,WdtBl@n$ozDg61,01025547591,0,mqkjpc@ukqizm.kr,1973-10-11,0
PBQIDs22,임배엽,Vt*#LCmErNzv67,01248609407,0,nt0fz9@mlkzgc.ac.kr,1987-09-14,0
pJedBM86,진욱타,gpNRxlOlJrHc53,01026467667,0,e4iek4@dgeivn.com,1988-08-03,0
gVrJJm46,구학양,rpMLwTRb!#x$64,01137085986,0,zaoj96@gqgswc.co.kr,1984-08-25,0
xrCtIV22,탁다잔,wQFK#*GFaI@k36,01395174704,0,9c9xgo@cozybb.co.kr,1999-06-21,0
DXIEHc59,전윤상,DkcTdVP@yngW28,01094302540,0,j2xqnl@jeaiqq.co.kr,1982-12-11,0
nCoFCG68,황라담,iJ!pPbLp^NaH58,01152895817,0,480ygw@zwxsdg.com,1986-10-27,0
omDMwz74,노길가,hRqEOEigt&Lb53,01297602668,0,ltlwfh@rxiisf.ac.kr,1979-04-02,0
hKrGoG52,박혜누,wCLGFRuRt#gT15,01199194207,0,97cdo8@kderno.com,1981-08-23,0
UdGeak99,서롱유,ZWmcbkSrfkrD3,01071091216,0,k2e8gh@fuckdz.net,1975-10-16,0
LFwmfD27,마견별,ic*OCKP*OtI%53,01151433524,0,ldwfxs@darqko.net,1981-08-06,0
TjJYXa84,류서웅,^%GYYFaftYE^46,01035111436,0,wp5wf9@wzezsi.ac.kr,1975-04-29,0
LBjccK78,이휘곤,owNgh*Hm^eR*54,01253299615,0,6c4pxw@twzrhh.ac.kr,1992-05-10,0
qnhsaK24,변공누,w@h#aniMej#^90,01324697161,0,arbn9i@ullcxk.ac.kr,1990-04-12,0
yxFBfU66,국준우,EMf!fT*lXElO6,01132044096,0,fqsjdv@dzdqdb.kr,1978-03-28,0
npzTzc45,함시덕,ZU@lXmJL#hou76,01362989645,0,5ckptv@rvhjzw.com,1991-09-28,0
GQRFwT67,길변경,Pzmr!lqHiDDu87,01314711530,0,p2hwib@prrpbe.kr,1988-08-25,0
UpVWdf53,성온기,PlFx$#RLW*zB42,01216736970,0,toha5a@szyfqq.com,1986-11-07,0
OBXbUk71,정나모,JlS*mULUSGtC97,01286426107,0,ssds4o@rlbhcg.net,1972-08-11,0
ozQOhS21,위혜전,%RZDUdFmfGZy99,01035018334,0,xgt0iu@wqhzvd.net,1973-05-20,0
Xngfko73,주전탁,qUvjeBhEmUgc22,01265191549,0,ol9lnn@ogvusp.co.kr,1991-01-10,0
ExfYKB22,어백람,YCctoRfUZre$1,01169929285,0,p70q6q@opnozy.kr,1994-04-29,0
NzdSty79,전열란,%rabWB^VpoRe64,01036686965,0,20gbpt@yjhswk.kr,1993-07-01,0
iEUPfv26,기개학,uR!bEmsnTm^C96,01262242381,0,vokxft@usbawt.co.kr,1988-07-25,0
fKdxUX56,전늬휴,$%H$FhwDZarb36,01039514419,0,xjrn0f@cztuqc.net,1985-07-21,0
JgklEK30,곽철정,quE*$HpUJqCN78,01361203446,0,svq1tv@wwkaew.co.kr,1970-06-11,0
qDjNle10,방로율,AG*x^S!jPbWi29,01218378907,0,l7o5om@yhyota.com,1985-09-25,0
uUuCIv69,은조들,rtCKktefU&AQ1,01215856214,0,6w0q22@rwvqmc.ac.kr,1998-05-17,0
iCdBMH62,도온누,oSrSi$LWYzue63,01384986076,0,94ar3v@ytylyg.net,1979-05-23,0
KqQpHi77,모더순,sOlNyCDQYfoq56,01265091795,0,1mijy4@fuacpy.com,1989-06-18,0
SQeGJZ82,홍백화,KvzqVNUIZ!d@40,01222248541,0,ltkqqj@nugfis.com,1981-09-30,0
vgqdWS53,육로산,bIelBKnoOB%r59,01262231878,0,eauqcy@ejibzl.com,1981-01-23,0
OaOhxV80,노수준,eS!sxIo%H$Yv39,01384802873,0,kslvv6@antpvf.kr,1980-02-27,0
usspnF32,권회잎,wMUHdC#iEFYD55,01332402207,0,apj33i@hgkfjh.net,1977-03-27,0
fobLUu3,함더강,WwUXvREIPUVo44,01271406012,0,pptmf7@cthjvk.kr,1983-05-05,0
grtTtf54,김기제,tNOFIxjA#SxD23,01020116026,0,fsxg6n@ezcwlg.net,1984-11-20,0
UyfIPK42,류언복,*lLNSZVuRQ&Q63,01272547531,0,oipnpp@nesywc.ac.kr,1979-01-07,0
bWAwwR12,편강산,pmJ@%$D&hiXa8,01032381405,0,43luzs@famumi.com,1998-12-17,0
VIVQJe88,탁황란,PiANQxmbExj&24,01293623175,0,mwrbcz@dcfevn.net,2003-07-19,0
tLFBot91,문자식,TKeuH$UKanP!77,01162257161,0,sqbn9i@vxctrm.co.kr,1979-11-11,0
vWBPiI82,용겸노,*w^QcOKKYvge78,01378655517,0,fzy1r5@zaxuco.ac.kr,2002-05-13,0
MpCePn25,변일리,K%VhQhp@EdkR24,01325222663,0,54vy1w@eiwvxw.co.kr,2000-01-19,0
WcMHXv48,염후실,&AWhm!krKET!82,01355104208,0,bjpa8p@tpkdka.kr,1977-11-01,0
zpCIIh66,조자슬,NeKuZx^cmGnJ65,01195667734,0,iph4rd@ylhful.ac.kr,2000-11-28,0
mzSoWY98,탁무을,E&ryMwkpgJha60,01327613751,0,f44dqt@etguen.net,1990-10-27,0
yXngGe54,임소린,GTI#pECBIvCg3,01139017038,0,r3ugwf@ipkmxd.ac.kr,1979-05-22,0
QFTLlm82,김순정,nJFQzPuWmFU$37,01262502391,0,ad7y0o@vzygtb.com,1991-11-07,0
rvtROs11,우수바,v#*HGItmHFK^52,01246798919,0,0z1rit@lttons.co.kr,1994-08-06,0
SvmMbo59,정일완,T%kFZZbogfyb77,01062575577,0,d24j1m@pnpajp.ac.kr,1985-04-01,0
alPUya24,편평면,kVEFtvJIl^vf17,01355206778,0,24bzsn@tipfeh.com,1964-05-18,0
OXxwFU61,석웅량,mbUdPlePE@eY28,01041593021,0,ouiugc@rubwrp.co.kr,1989-08-27,0
